1,1,11,2,,in,1,200,out,1,108
2,2,1,2,,,2,25,,2,20
3,3,2,0,,,3,86,,3,119
4,4,0,0,,,4,0,,4,4
5,5,0,2,,,5,111,,5,68
6,6,0,0,,,6,50,,6,21
7,7,0,0,,,7,12,,7,24
8,8,9,10,,,8,351,,8,470
9,9,7,1,,,9,278,,9,217
10,10,3,0,,,10,268,,10,196
11,11,0,15,,,11,157,,11,551
12,12,2,2,,,12,133,,12,141
13,13,7,1,,,13,284,,13,223
14,14,3,5,,,14,376,,14,396
15,15,3,1,,,15,59,,15,84
16,16,1,2,,,16,77,,16,35
17,17,1,4,,,17,63,,17,61
18,18,2,0,,,18,122,,18,106
19,19,0,0,,,19,86,,19,83
20,1,3,2,,,,,,,
21,2,3,0,,,,,,,
22,3,1,1,,,,,,,
23,4,0,0,,,,,,,
24,5,3,0,,,,,,,
25,6,0,1,,,,,,,
26,7,0,0,,,,,,,
27,8,12,14,,,,,,,
28,9,2,5,,,,,,,
29,10,4,5,,,,,,,
30,11,5,11,,,,,,,
31,12,2,3,,,,,,,
32,13,6,5,,,,,,,
33,14,6,6,,,,,,,
34,15,0,0,,,,,,,
35,16,1,0,,,,,,,
36,17,0,2,,,,,,,
37,18,0,1,,,,,,,
38,19,1,1,,,,,,,
39,1,5,2,,,,,,,
40,2,0,0,,,,,,,
41,3,0,3,,,,,,,
42,4,0,0,,,,,,,
43,5,0,2,,,,,,,
44,6,3,2,,,,,,,
45,7,0,0,,,,,,,
46,8,5,11,,,,,,,
47,9,1,5,,,,,,,
48,10,7,5,,,,,,,
49,11,2,21,,,,,,,
50,12,2,6,,,,,,,
51,13,5,2,,,,,,,
52,14,7,3,,,,,,,
53,15,0,2,,,,,,,
54,16,1,0,,,,,,,
55,17,0,1,,,,,,,
56,18,2,1,,,,,,,
57,19,0,2,,,,,,,
58,1,5,3,,,,,,,
59,2,1,1,,,,,,,
60,3,0,0,,,,,,,
61,4,0,0,,,,,,,
62,5,6,2,,,,,,,
63,6,0,0,,,,,,,
64,7,0,1,,,,,,,
65,8,3,6,,,,,,,
66,9,8,4,,,,,,,
67,10,4,1,,,,,,,
68,11,0,11,,,,,,,
69,12,2,1,,,,,,,
70,13,0,0,,,,,,,
71,14,7,4,,,,,,,
72,15,3,0,,,,,,,
73,16,0,0,,,,,,,
74,17,1,0,,,,,,,
75,18,1,0,,,,,,,
76,19,0,1,,,,,,,
77,1,1,1,,,,,,,
78,2,0,0,,,,,,,
79,3,2,1,,,,,,,
80,4,0,0,,,,,,,
81,5,3,2,,,,,,,
82,6,1,0,,,,,,,
83,7,0,2,,,,,,,
84,8,3,15,,,,,,,
85,9,0,7,,,,,,,
86,10,8,1,,,,,,,
87,11,0,15,,,,,,,
88,12,2,1,,,,,,,
89,13,1,1,,,,,,,
90,14,9,2,,,,,,,
91,15,0,0,,,,,,,
92,16,3,0,,,,,,,
93,17,0,1,,,,,,,
94,18,3,1,,,,,,,
95,19,0,3,,,,,,,
96,1,7,0,,,,,,,
97,2,0,0,,,,,,,
98,3,1,3,,,,,,,
99,4,0,0,,,,,,,
100,5,1,0,,,,,,,
101,6,6,0,,,,,,,
102,7,0,0,,,,,,,
103,8,2,2,,,,,,,
104,9,3,0,,,,,,,
105,10,9,0,,,,,,,
106,11,0,9,,,,,,,
107,12,2,1,,,,,,,
108,13,4,2,,,,,,,
109,14,3,9,,,,,,,
110,15,0,0,,,,,,,
111,16,1,0,,,,,,,
112,17,0,3,,,,,,,
113,18,4,1,,,,,,,
114,19,1,0,,,,,,,
115,1,4,0,,,,,,,
116,2,0,1,,,,,,,
117,3,3,5,,,,,,,
118,4,0,0,,,,,,,
119,5,2,1,,,,,,,
120,6,2,0,,,,,,,
121,7,0,0,,,,,,,
122,8,5,8,,,,,,,
123,9,4,0,,,,,,,
124,10,5,2,,,,,,,
125,11,0,14,,,,,,,
126,12,3,1,,,,,,,
127,13,5,1,,,,,,,
128,14,5,3,,,,,,,
129,15,1,1,,,,,,,
130,16,2,0,,,,,,,
131,17,0,0,,,,,,,
132,18,1,1,,,,,,,
133,19,0,0,,,,,,,
134,1,0,0,,,,,,,
135,2,0,0,,,,,,,
136,3,3,0,,,,,,,
137,4,0,0,,,,,,,
138,5,5,0,,,,,,,
139,6,0,0,,,,,,,
140,7,0,0,,,,,,,
141,8,5,17,,,,,,,
142,9,6,3,,,,,,,
143,10,5,3,,,,,,,
144,11,0,12,,,,,,,
145,12,0,1,,,,,,,
146,13,7,5,,,,,,,
147,14,8,7,,,,,,,
148,15,1,3,,,,,,,
149,16,4,0,,,,,,,
150,17,0,1,,,,,,,
151,18,5,0,,,,,,,
152,19,1,0,,,,,,,
153,1,11,4,,,,,,,
154,2,0,0,,,,,,,
155,3,1,1,,,,,,,
156,4,0,0,,,,,,,
157,5,1,1,,,,,,,
158,6,0,0,,,,,,,
159,7,1,0,,,,,,,
160,8,3,16,,,,,,,
161,9,2,3,,,,,,,
162,10,1,9,,,,,,,
163,11,19,7,,,,,,,
164,12,2,2,,,,,,,
165,13,5,5,,,,,,,
166,14,11,15,,,,,,,
167,15,0,0,,,,,,,
168,16,0,1,,,,,,,
169,17,3,0,,,,,,,
170,18,0,3,,,,,,,
171,19,1,1,,,,,,,
172,1,0,0,,,,,,,
173,2,0,1,,,,,,,
174,3,0,1,,,,,,,
175,4,0,0,,,,,,,
176,5,0,1,,,,,,,
177,6,0,0,,,,,,,
178,7,1,0,,,,,,,
179,8,5,2,,,,,,,
180,9,7,9,,,,,,,
181,10,5,8,,,,,,,
182,11,10,6,,,,,,,
183,12,0,2,,,,,,,
184,13,9,5,,,,,,,
185,14,8,8,,,,,,,
186,15,0,0,,,,,,,
187,16,0,3,,,,,,,
188,17,0,0,,,,,,,
189,18,0,3,,,,,,,
190,19,0,1,,,,,,,
191,1,0,2,,,,,,,
192,2,0,0,,,,,,,
193,3,1,3,,,,,,,
194,4,0,0,,,,,,,
195,5,0,1,,,,,,,
196,6,0,0,,,,,,,
197,7,0,0,,,,,,,
198,8,2,19,,,,,,,
199,9,1,6,,,,,,,
200,10,5,4,,,,,,,
201,11,1,8,,,,,,,
202,12,4,4,,,,,,,
203,13,3,4,,,,,,,
204,14,7,4,,,,,,,
205,15,1,0,,,,,,,
206,16,0,0,,,,,,,
207,17,1,0,,,,,,,
208,18,2,3,,,,,,,
209,19,1,2,,,,,,,
210,1,6,1,,,,,,,
211,2,1,0,,,,,,,
212,3,1,3,,,,,,,
213,4,0,1,,,,,,,
214,5,0,0,,,,,,,
215,6,1,0,,,,,,,
216,7,0,0,,,,,,,
217,8,3,2,,,,,,,
218,9,4,4,,,,,,,
219,10,2,2,,,,,,,
220,11,2,5,,,,,,,
221,12,2,3,,,,,,,
222,13,8,7,,,,,,,
223,14,8,3,,,,,,,
224,15,2,1,,,,,,,
225,16,0,0,,,,,,,
226,17,3,0,,,,,,,
227,18,3,5,,,,,,,
228,19,0,5,,,,,,,
229,1,0,2,,,,,,,
230,2,1,1,,,,,,,
231,3,1,0,,,,,,,
232,4,0,0,,,,,,,
233,5,0,2,,,,,,,
234,6,0,0,,,,,,,
235,7,0,0,,,,,,,
236,8,13,2,,,,,,,
237,9,7,1,,,,,,,
238,10,4,3,,,,,,,
239,11,0,3,,,,,,,
240,12,2,2,,,,,,,
241,13,3,5,,,,,,,
242,14,1,5,,,,,,,
243,15,0,0,,,,,,,
244,16,0,0,,,,,,,
245,17,1,3,,,,,,,
246,18,1,1,,,,,,,
247,19,1,2,,,,,,,
248,1,2,2,,,,,,,
249,2,0,0,,,,,,,
250,3,2,2,,,,,,,
251,4,0,0,,,,,,,
252,5,4,2,,,,,,,
253,6,0,0,,,,,,,
254,7,0,0,,,,,,,
255,8,7,11,,,,,,,
256,9,9,1,,,,,,,
257,10,1,3,,,,,,,
258,11,1,9,,,,,,,
259,12,3,4,,,,,,,
260,13,1,3,,,,,,,
261,14,6,5,,,,,,,
262,15,0,2,,,,,,,
263,16,0,1,,,,,,,
264,17,3,2,,,,,,,
265,18,0,0,,,,,,,
266,19,4,1,,,,,,,
267,1,10,2,,,,,,,
268,2,0,0,,,,,,,
269,3,0,3,,,,,,,
270,4,0,0,,,,,,,
271,5,1,2,,,,,,,
272,6,1,0,,,,,,,
273,7,0,0,,,,,,,
274,8,4,1,,,,,,,
275,9,5,7,,,,,,,
276,10,4,5,,,,,,,
277,11,0,4,,,,,,,
278,12,3,5,,,,,,,
279,13,4,2,,,,,,,
280,14,7,10,,,,,,,
281,15,2,4,,,,,,,
282,16,2,1,,,,,,,
283,17,1,3,,,,,,,
284,18,2,3,,,,,,,
285,19,1,0,,,,,,,
286,1,1,2,,,,,,,
287,2,0,0,,,,,,,
288,3,0,2,,,,,,,
289,4,0,0,,,,,,,
290,5,2,1,,,,,,,
291,6,1,0,,,,,,,
292,7,0,0,,,,,,,
293,8,2,6,,,,,,,
294,9,4,3,,,,,,,
295,10,6,1,,,,,,,
296,11,0,11,,,,,,,
297,12,1,2,,,,,,,
298,13,2,2,,,,,,,
299,14,6,7,,,,,,,
300,15,2,0,,,,,,,
301,16,1,2,,,,,,,
302,17,0,3,,,,,,,
303,18,2,0,,,,,,,
304,19,2,1,,,,,,,
305,1,5,1,,,,,,,
306,2,0,0,,,,,,,
307,3,0,0,,,,,,,
308,4,0,0,,,,,,,
309,5,3,2,,,,,,,
310,6,2,2,,,,,,,
311,7,0,0,,,,,,,
312,8,7,7,,,,,,,
313,9,2,0,,,,,,,
314,10,1,1,,,,,,,
315,11,0,2,,,,,,,
316,12,3,1,,,,,,,
317,13,0,4,,,,,,,
318,14,9,9,,,,,,,
319,15,1,1,,,,,,,
320,16,0,2,,,,,,,
321,17,1,1,,,,,,,
322,18,2,2,,,,,,,
323,19,2,3,,,,,,,
324,1,1,0,,,,,,,
325,2,1,0,,,,,,,
326,3,7,4,,,,,,,
327,4,0,0,,,,,,,
328,5,1,5,,,,,,,
329,6,0,0,,,,,,,
330,7,0,1,,,,,,,
331,8,10,5,,,,,,,
332,9,4,7,,,,,,,
333,10,2,1,,,,,,,
334,11,0,8,,,,,,,
335,12,3,3,,,,,,,
336,13,3,2,,,,,,,
337,14,12,4,,,,,,,
338,15,0,1,,,,,,,
339,16,2,0,,,,,,,
340,17,0,2,,,,,,,
341,18,1,0,,,,,,,
342,19,0,3,,,,,,,
343,1,0,2,,,,,,,
344,2,0,0,,,,,,,
345,3,0,3,,,,,,,
346,4,0,0,,,,,,,
347,5,1,1,,,,,,,
348,6,1,1,,,,,,,
349,7,0,1,,,,,,,
350,8,6,4,,,,,,,
351,9,6,4,,,,,,,
352,10,6,6,,,,,,,
353,11,9,9,,,,,,,
354,12,1,3,,,,,,,
355,13,5,2,,,,,,,
356,14,1,4,,,,,,,
357,15,0,0,,,,,,,
358,16,2,1,,,,,,,
359,17,1,1,,,,,,,
360,18,0,2,,,,,,,
361,19,2,2,,,,,,,
362,1,3,4,,,,,,,
363,2,0,1,,,,,,,
364,3,1,4,,,,,,,
365,4,0,0,,,,,,,
366,5,0,0,,,,,,,
367,6,0,0,,,,,,,
368,7,1,0,,,,,,,
369,8,8,6,,,,,,,
370,9,2,11,,,,,,,
371,10,0,6,,,,,,,
372,11,26,1,,,,,,,
373,12,1,1,,,,,,,
374,13,1,7,,,,,,,
375,14,6,7,,,,,,,
376,15,0,0,,,,,,,
377,16,0,0,,,,,,,
378,17,1,0,,,,,,,
379,18,2,2,,,,,,,
380,19,1,1,,,,,,,
381,1,0,1,,,,,,,
382,2,0,0,,,,,,,
383,3,1,2,,,,,,,
384,4,0,0,,,,,,,
385,5,1,0,,,,,,,
386,6,1,1,,,,,,,
387,7,0,1,,,,,,,
388,8,12,3,,,,,,,
389,9,6,5,,,,,,,
390,10,4,5,,,,,,,
391,11,2,4,,,,,,,
392,12,2,2,,,,,,,
393,13,4,0,,,,,,,
394,14,7,5,,,,,,,
395,15,1,0,,,,,,,
396,16,0,2,,,,,,,
397,17,1,3,,,,,,,
398,18,0,2,,,,,,,
399,19,1,1,,,,,,,
400,1,2,5,,,,,,,
401,2,0,0,,,,,,,
402,3,2,0,,,,,,,
403,4,0,0,,,,,,,
404,5,0,2,,,,,,,
405,6,0,0,,,,,,,
406,7,0,2,,,,,,,
407,8,4,0,,,,,,,
408,9,3,0,,,,,,,
409,10,1,3,,,,,,,
410,11,0,0,,,,,,,
411,12,1,2,,,,,,,
412,13,2,2,,,,,,,
413,14,4,6,,,,,,,
414,15,0,1,,,,,,,
415,16,0,0,,,,,,,
416,17,1,2,,,,,,,
417,18,0,1,,,,,,,
418,19,2,2,,,,,,,
419,1,5,1,,,,,,,
420,2,1,1,,,,,,,
421,3,4,1,,,,,,,
422,4,0,0,,,,,,,
423,5,6,3,,,,,,,
424,6,0,1,,,,,,,
425,7,0,0,,,,,,,
426,8,7,8,,,,,,,
427,9,9,6,,,,,,,
428,10,2,0,,,,,,,
429,11,0,3,,,,,,,
430,12,0,0,,,,,,,
431,13,3,2,,,,,,,
432,14,11,3,,,,,,,
433,15,1,3,,,,,,,
434,16,4,2,,,,,,,
435,17,1,1,,,,,,,
436,18,0,1,,,,,,,
437,19,0,0,,,,,,,
438,1,0,3,,,,,,,
439,2,0,0,,,,,,,
440,3,3,4,,,,,,,
441,4,0,0,,,,,,,
442,5,1,0,,,,,,,
443,6,1,0,,,,,,,
444,7,2,1,,,,,,,
445,8,6,6,,,,,,,
446,9,5,6,,,,,,,
447,10,3,0,,,,,,,
448,11,2,4,,,,,,,
449,12,2,2,,,,,,,
450,13,1,3,,,,,,,
451,14,6,6,,,,,,,
452,15,2,1,,,,,,,
453,16,3,0,,,,,,,
454,17,1,0,,,,,,,
455,18,1,0,,,,,,,
456,19,2,6,,,,,,,
457,1,1,2,,,,,,,
458,2,1,1,,,,,,,
459,3,2,1,,,,,,,
460,4,0,0,,,,,,,
461,5,0,1,,,,,,,
462,6,3,0,,,,,,,
463,7,0,0,,,,,,,
464,8,1,12,,,,,,,
465,9,2,5,,,,,,,
466,10,1,2,,,,,,,
467,11,0,1,,,,,,,
468,12,2,3,,,,,,,
469,13,3,3,,,,,,,
470,14,4,9,,,,,,,
471,15,2,3,,,,,,,
472,16,4,0,,,,,,,
473,17,1,0,,,,,,,
474,18,2,6,,,,,,,
475,19,1,1,,,,,,,
476,1,0,3,,,,,,,
477,2,0,0,,,,,,,
478,3,0,1,,,,,,,
479,4,0,0,,,,,,,
480,5,0,1,,,,,,,
481,6,2,0,,,,,,,
482,7,0,0,,,,,,,
483,8,6,1,,,,,,,
484,9,5,2,,,,,,,
485,10,4,3,,,,,,,
486,11,0,2,,,,,,,
487,12,5,2,,,,,,,
488,13,5,3,,,,,,,
489,14,7,7,,,,,,,
490,15,1,0,,,,,,,
491,16,4,1,,,,,,,
492,17,4,0,,,,,,,
493,18,1,2,,,,,,,
494,19,0,2,,,,,,,
495,1,0,1,,,,,,,
496,2,0,0,,,,,,,
497,3,0,2,,,,,,,
498,4,0,0,,,,,,,
499,5,1,2,,,,,,,
500,6,0,1,,,,,,,
501,7,0,0,,,,,,,
502,8,12,1,,,,,,,
503,9,3,0,,,,,,,
504,10,5,3,,,,,,,
505,11,0,5,,,,,,,
506,12,3,3,,,,,,,
507,13,4,0,,,,,,,
508,14,7,2,,,,,,,
509,15,2,5,,,,,,,
510,16,2,1,,,,,,,
511,17,0,1,,,,,,,
512,18,3,4,,,,,,,
513,19,1,0,,,,,,,
514,1,5,2,,,,,,,
515,2,1,1,,,,,,,
516,3,1,1,,,,,,,
517,4,0,0,,,,,,,
518,5,2,1,,,,,,,
519,6,0,0,,,,,,,
520,7,0,0,,,,,,,
521,8,3,4,,,,,,,
522,9,1,0,,,,,,,
523,10,3,1,,,,,,,
524,11,0,2,,,,,,,
525,12,1,0,,,,,,,
526,13,7,3,,,,,,,
527,14,4,12,,,,,,,
528,15,0,2,,,,,,,
529,16,3,0,,,,,,,
530,17,0,0,,,,,,,
531,18,3,0,,,,,,,
532,19,0,0,,,,,,,
533,1,2,3,,,,,,,
534,2,0,0,,,,,,,
535,3,2,3,,,,,,,
536,4,0,0,,,,,,,
537,5,2,0,,,,,,,
538,6,1,0,,,,,,,
539,7,1,0,,,,,,,
540,8,4,5,,,,,,,
541,9,0,5,,,,,,,
542,10,5,2,,,,,,,
543,11,0,3,,,,,,,
544,12,4,0,,,,,,,
545,13,3,9,,,,,,,
546,14,6,6,,,,,,,
547,15,1,0,,,,,,,
548,16,1,0,,,,,,,
549,17,2,2,,,,,,,
550,18,0,1,,,,,,,
551,19,1,0,,,,,,,
552,1,5,1,,,,,,,
553,2,1,0,,,,,,,
554,3,2,4,,,,,,,
555,4,0,0,,,,,,,
556,5,2,4,,,,,,,
557,6,0,0,,,,,,,
558,7,0,1,,,,,,,
559,8,10,9,,,,,,,
560,9,10,2,,,,,,,
561,10,4,0,,,,,,,
562,11,0,2,,,,,,,
563,12,0,1,,,,,,,
564,13,2,7,,,,,,,
565,14,8,4,,,,,,,
566,15,3,1,,,,,,,
567,16,1,0,,,,,,,
568,17,1,4,,,,,,,
569,18,4,3,,,,,,,
570,19,1,3,,,,,,,
571,1,2,0,,,,,,,
572,2,0,1,,,,,,,
573,3,1,3,,,,,,,
574,4,0,0,,,,,,,
575,5,4,0,,,,,,,
576,6,0,1,,,,,,,
577,7,0,2,,,,,,,
578,8,4,8,,,,,,,
579,9,2,2,,,,,,,
580,10,1,4,,,,,,,
581,11,0,3,,,,,,,
582,12,2,0,,,,,,,
583,13,3,1,,,,,,,
584,14,8,11,,,,,,,
585,15,0,2,,,,,,,
586,16,2,0,,,,,,,
587,17,1,1,,,,,,,
588,18,0,0,,,,,,,
589,19,0,4,,,,,,,
590,1,1,2,,,,,,,
591,2,0,0,,,,,,,
592,3,1,0,,,,,,,
593,4,0,0,,,,,,,
594,5,1,1,,,,,,,
595,6,2,0,,,,,,,
596,7,1,0,,,,,,,
597,8,6,7,,,,,,,
598,9,7,3,,,,,,,
599,10,2,2,,,,,,,
600,11,0,3,,,,,,,
601,12,0,0,,,,,,,
602,13,1,2,,,,,,,
603,14,4,8,,,,,,,
604,15,1,1,,,,,,,
605,16,3,0,,,,,,,
606,17,1,0,,,,,,,
607,18,3,7,,,,,,,
608,19,0,1,,,,,,,
609,1,9,4,,,,,,,
610,2,0,1,,,,,,,
611,3,3,1,,,,,,,
612,4,0,0,,,,,,,
613,5,4,1,,,,,,,
614,6,1,0,,,,,,,
615,7,0,2,,,,,,,
616,8,3,6,,,,,,,
617,9,4,0,,,,,,,
618,10,4,3,,,,,,,
619,11,0,10,,,,,,,
620,12,0,2,,,,,,,
621,13,7,1,,,,,,,
622,14,5,8,,,,,,,
623,15,0,1,,,,,,,
624,16,1,0,,,,,,,
625,17,0,1,,,,,,,
626,18,2,0,,,,,,,
627,19,1,1,,,,,,,
628,1,2,0,,,,,,,
629,2,1,0,,,,,,,
630,3,0,1,,,,,,,
631,4,0,0,,,,,,,
632,5,1,0,,,,,,,
633,6,2,0,,,,,,,
634,7,0,0,,,,,,,
635,8,5,5,,,,,,,
636,9,5,2,,,,,,,
637,10,2,0,,,,,,,
638,11,0,7,,,,,,,
639,12,0,2,,,,,,,
640,13,5,1,,,,,,,
641,14,9,1,,,,,,,
642,15,1,0,,,,,,,
643,16,2,0,,,,,,,
644,17,0,2,,,,,,,
645,18,3,1,,,,,,,
646,19,4,0,,,,,,,
647,1,2,1,,,,,,,
648,2,0,2,,,,,,,
649,3,0,2,,,,,,,
650,4,0,0,,,,,,,
651,5,1,2,,,,,,,
652,6,1,0,,,,,,,
653,7,0,0,,,,,,,
654,8,3,13,,,,,,,
655,9,4,2,,,,,,,
656,10,5,1,,,,,,,
657,11,0,6,,,,,,,
658,12,0,2,,,,,,,
659,13,7,2,,,,,,,
660,14,11,6,,,,,,,
661,15,2,1,,,,,,,
662,16,5,0,,,,,,,
663,17,0,0,,,,,,,
664,18,0,3,,,,,,,
665,19,2,0,,,,,,,
666,1,6,2,,,,,,,
667,2,2,1,,,,,,,
668,3,4,1,,,,,,,
669,4,0,0,,,,,,,
670,5,1,3,,,,,,,
671,6,0,0,,,,,,,
672,7,0,0,,,,,,,
673,8,5,4,,,,,,,
674,9,3,1,,,,,,,
675,10,4,4,,,,,,,
676,11,0,15,,,,,,,
677,12,1,4,,,,,,,
678,13,7,1,,,,,,,
679,14,10,7,,,,,,,
680,15,1,2,,,,,,,
681,16,2,0,,,,,,,
682,17,0,2,,,,,,,
683,18,6,0,,,,,,,
684,19,2,0,,,,,,,
685,1,2,0,,,,,,,
686,2,0,0,,,,,,,
687,3,1,4,,,,,,,
688,4,0,0,,,,,,,
689,5,0,0,,,,,,,
690,6,3,0,,,,,,,
691,7,0,1,,,,,,,
692,8,3,6,,,,,,,
693,9,5,1,,,,,,,
694,10,3,1,,,,,,,
695,11,0,10,,,,,,,
696,12,2,4,,,,,,,
697,13,4,2,,,,,,,
698,14,7,10,,,,,,,
699,15,0,3,,,,,,,
700,16,0,4,,,,,,,
701,17,1,0,,,,,,,
702,18,7,6,,,,,,,
703,19,1,0,,,,,,,
704,1,6,4,,,,,,,
705,2,0,0,,,,,,,
706,3,0,0,,,,,,,
707,4,0,0,,,,,,,
708,5,1,1,,,,,,,
709,6,0,0,,,,,,,
710,7,0,1,,,,,,,
711,8,2,4,,,,,,,
712,9,5,3,,,,,,,
713,10,3,2,,,,,,,
714,11,0,13,,,,,,,
715,12,4,2,,,,,,,
716,13,2,0,,,,,,,
717,14,4,7,,,,,,,
718,15,0,0,,,,,,,
719,16,1,0,,,,,,,
720,17,0,2,,,,,,,
721,18,3,1,,,,,,,
722,19,1,2,,,,,,,
723,1,4,1,,,,,,,
724,2,3,0,,,,,,,
725,3,0,0,,,,,,,
726,4,0,0,,,,,,,
727,5,4,0,,,,,,,
728,6,0,0,,,,,,,
729,7,0,0,,,,,,,
730,8,1,11,,,,,,,
731,9,2,6,,,,,,,
732,10,6,4,,,,,,,
733,11,1,12,,,,,,,
734,12,2,1,,,,,,,
735,13,6,3,,,,,,,
736,14,4,14,,,,,,,
737,15,0,0,,,,,,,
738,16,1,0,,,,,,,
739,17,4,0,,,,,,,
740,18,6,1,,,,,,,
741,19,4,2,,,,,,,
742,1,0,0,,,,,,,
743,2,1,0,,,,,,,
744,3,2,2,,,,,,,
745,4,0,0,,,,,,,
746,5,2,0,,,,,,,
747,6,2,0,,,,,,,
748,7,0,0,,,,,,,
749,8,8,12,,,,,,,
750,9,4,2,,,,,,,
751,10,15,5,,,,,,,
752,11,0,24,,,,,,,
753,12,1,1,,,,,,,
754,13,7,6,,,,,,,
755,14,1,8,,,,,,,
756,15,0,1,,,,,,,
757,16,0,0,,,,,,,
758,17,0,0,,,,,,,
759,18,5,0,,,,,,,
760,19,1,1,,,,,,,
761,1,5,1,,,,,,,
762,2,0,0,,,,,,,
763,3,1,0,,,,,,,
764,4,0,1,,,,,,,
765,5,1,0,,,,,,,
766,6,0,1,,,,,,,
767,7,1,0,,,,,,,
768,8,5,8,,,,,,,
769,9,11,0,,,,,,,
770,10,5,1,,,,,,,
771,11,1,8,,,,,,,
772,12,2,3,,,,,,,
773,13,9,7,,,,,,,
774,14,11,14,,,,,,,
775,15,1,0,,,,,,,
776,16,1,2,,,,,,,
777,17,5,0,,,,,,,
778,18,0,0,,,,,,,
779,19,8,1,,,,,,,
780,1,0,3,,,,,,,
781,2,1,0,,,,,,,
782,3,6,4,,,,,,,
783,4,0,0,,,,,,,
784,5,1,1,,,,,,,
785,6,1,1,,,,,,,
786,7,1,2,,,,,,,
787,8,7,6,,,,,,,
788,9,10,1,,,,,,,
789,10,8,0,,,,,,,
790,11,0,14,,,,,,,
791,12,3,6,,,,,,,
792,13,9,4,,,,,,,
793,14,4,9,,,,,,,
794,15,0,3,,,,,,,
795,16,0,2,,,,,,,
796,17,1,2,,,,,,,
797,18,2,0,,,,,,,
798,19,1,0,,,,,,,
799,1,4,2,,,,,,,
800,2,0,0,,,,,,,
801,3,0,6,,,,,,,
802,4,0,0,,,,,,,
803,5,2,1,,,,,,,
804,6,1,1,,,,,,,
805,7,0,1,,,,,,,
806,8,4,10,,,,,,,
807,9,2,3,,,,,,,
808,10,8,5,,,,,,,
809,11,18,19,,,,,,,
810,12,2,3,,,,,,,
811,13,6,8,,,,,,,
812,14,4,8,,,,,,,
813,15,0,0,,,,,,,
814,16,0,1,,,,,,,
815,17,0,1,,,,,,,
816,18,4,1,,,,,,,
817,19,1,4,,,,,,,
818,1,9,2,,,,,,,
819,2,1,0,,,,,,,
820,3,3,6,,,,,,,
821,4,0,0,,,,,,,
822,5,3,0,,,,,,,
823,6,1,3,,,,,,,
824,7,0,0,,,,,,,
825,8,10,9,,,,,,,
826,9,5,11,,,,,,,
827,10,8,11,,,,,,,
828,11,18,12,,,,,,,
829,12,1,3,,,,,,,
830,13,6,14,,,,,,,
831,14,10,10,,,,,,,
832,15,1,1,,,,,,,
833,16,1,1,,,,,,,
834,17,2,0,,,,,,,
835,18,2,5,,,,,,,
836,19,5,1,,,,,,,
837,1,0,1,,,,,,,
838,2,1,1,,,,,,,
839,3,0,0,,,,,,,
840,4,0,0,,,,,,,
841,5,5,1,,,,,,,
842,6,0,0,,,,,,,
843,7,1,0,,,,,,,
844,8,4,6,,,,,,,
845,9,5,10,,,,,,,
846,10,3,4,,,,,,,
847,11,4,22,,,,,,,
848,12,0,2,,,,,,,
849,13,8,8,,,,,,,
850,14,6,6,,,,,,,
851,15,1,1,,,,,,,
852,16,1,0,,,,,,,
853,17,2,0,,,,,,,
854,18,1,7,,,,,,,
855,19,2,5,,,,,,,
856,1,4,1,,,,,,,
857,2,0,0,,,,,,,
858,3,0,4,,,,,,,
859,4,0,0,,,,,,,
860,5,6,1,,,,,,,
861,6,0,0,,,,,,,
862,7,0,0,,,,,,,
863,8,4,15,,,,,,,
864,9,6,4,,,,,,,
865,10,5,1,,,,,,,
866,11,2,15,,,,,,,
867,12,0,1,,,,,,,
868,13,4,2,,,,,,,
869,14,5,3,,,,,,,
870,15,0,2,,,,,,,
871,16,3,0,,,,,,,
872,17,2,1,,,,,,,
873,18,2,3,,,,,,,
874,19,2,1,,,,,,,
875,1,15,3,,,,,,,
876,2,1,0,,,,,,,
877,3,5,5,,,,,,,
878,4,0,0,,,,,,,
879,5,1,0,,,,,,,
880,6,0,0,,,,,,,
881,7,0,0,,,,,,,
882,8,8,8,,,,,,,
883,9,4,3,,,,,,,
884,10,2,1,,,,,,,
885,11,0,15,,,,,,,
886,12,2,3,,,,,,,
887,13,4,1,,,,,,,
888,14,0,12,,,,,,,
889,15,2,3,,,,,,,
890,16,1,0,,,,,,,
891,17,2,2,,,,,,,
892,18,0,1,,,,,,,
893,19,0,0,,,,,,,
894,1,0,0,,,,,,,
895,2,0,0,,,,,,,
896,3,0,1,,,,,,,
897,4,0,0,,,,,,,
898,5,4,0,,,,,,,
899,6,0,1,,,,,,,
900,7,0,0,,,,,,,
901,8,5,20,,,,,,,
902,9,4,3,,,,,,,
903,10,5,4,,,,,,,
904,11,4,12,,,,,,,
905,12,3,3,,,,,,,
906,13,5,6,,,,,,,
907,14,2,3,,,,,,,
908,15,0,0,,,,,,,
909,16,0,0,,,,,,,
910,17,0,2,,,,,,,
911,18,2,0,,,,,,,
912,19,1,2,,,,,,,
913,1,2,0,,,,,,,
914,2,0,1,,,,,,,
915,3,2,4,,,,,,,
916,4,0,0,,,,,,,
917,5,4,1,,,,,,,
918,6,1,0,,,,,,,
919,7,0,1,,,,,,,
920,8,5,14,,,,,,,
921,9,8,13,,,,,,,
922,10,7,10,,,,,,,
923,11,18,12,,,,,,,
924,12,0,2,,,,,,,
925,13,12,7,,,,,,,
926,14,14,8,,,,,,,
927,15,0,1,,,,,,,
928,16,3,0,,,,,,,
929,17,5,0,,,,,,,
930,18,1,0,,,,,,,
931,19,1,0,,,,,,,
932,1,4,1,,,,,,,
933,2,0,0,,,,,,,
934,3,0,0,,,,,,,
935,4,0,0,,,,,,,
936,5,1,2,,,,,,,
937,6,0,0,,,,,,,
938,7,0,0,,,,,,,
939,8,11,5,,,,,,,
940,9,12,1,,,,,,,
941,10,7,16,,,,,,,
942,11,5,19,,,,,,,
943,12,7,4,,,,,,,
944,13,7,6,,,,,,,
945,14,4,4,,,,,,,
946,15,5,5,,,,,,,
947,16,0,1,,,,,,,
948,17,4,0,,,,,,,
949,18,1,5,,,,,,,
950,19,1,2,,,,,,,
951,1,1,0,,,,,,,
952,2,0,0,,,,,,,
953,3,0,1,,,,,,,
954,4,0,0,,,,,,,
955,5,2,5,,,,,,,
956,6,1,0,,,,,,,
957,7,2,0,,,,,,,
958,8,15,9,,,,,,,
959,9,3,5,,,,,,,
960,10,13,6,,,,,,,
961,11,6,13,,,,,,,
962,12,10,2,,,,,,,
963,13,5,8,,,,,,,
964,14,8,6,,,,,,,
965,15,2,3,,,,,,,
966,16,1,0,,,,,,,
967,17,0,1,,,,,,,
968,18,0,1,,,,,,,
969,19,1,1,,,,,,,
970,1,10,8,,,,,,,
971,2,0,0,,,,,,,
972,3,0,1,,,,,,,
973,4,0,0,,,,,,,
974,5,2,0,,,,,,,
975,6,0,1,,,,,,,
976,7,0,0,,,,,,,
977,8,8,6,,,,,,,
978,9,2,5,,,,,,,
979,10,3,2,,,,,,,
980,11,0,9,,,,,,,
981,12,5,6,,,,,,,
982,13,6,2,,,,,,,
983,14,2,2,,,,,,,
984,15,0,4,,,,,,,
985,16,0,2,,,,,,,
986,17,0,0,,,,,,,
987,18,1,0,,,,,,,
988,19,0,1,,,,,,,
989,1,0,1,,,,,,,
990,2,0,0,,,,,,,
991,3,1,1,,,,,,,
992,4,0,0,,,,,,,
993,5,2,0,,,,,,,
994,6,2,0,,,,,,,
995,7,0,1,,,,,,,
996,8,8,14,,,,,,,
997,9,1,3,,,,,,,
998,10,5,2,,,,,,,
999,11,0,2,,,,,,,
1000,12,3,5,,,,,,,
1001,13,11,8,,,,,,,
1002,14,7,5,,,,,,,
1003,15,0,5,,,,,,,
1004,16,2,0,,,,,,,
1005,17,2,0,,,,,,,
1006,18,4,0,,,,,,,
1007,19,4,3,,,,,,,
1008,1,0,0,,,,,,,
1009,2,1,0,,,,,,,
1010,3,1,4,,,,,,,
1011,4,0,0,,,,,,,
1012,5,0,0,,,,,,,
1013,6,1,0,,,,,,,
1014,7,0,0,,,,,,,
1015,8,2,6,,,,,,,
1016,9,3,2,,,,,,,
1017,10,5,1,,,,,,,
1018,11,0,9,,,,,,,
1019,12,1,2,,,,,,,
1020,13,3,4,,,,,,,
1021,14,6,15,,,,,,,
1022,15,5,3,,,,,,,
1023,16,1,0,,,,,,,
1024,17,1,0,,,,,,,
1025,18,5,2,,,,,,,
1026,19,3,4,,,,,,,
1027,1,1,6,,,,,,,
1028,2,0,0,,,,,,,
1029,3,2,2,,,,,,,
1030,4,0,0,,,,,,,
1031,5,3,3,,,,,,,
1032,6,0,2,,,,,,,
1033,7,0,0,,,,,,,
1034,8,9,10,,,,,,,
1035,9,3,5,,,,,,,
1036,10,3,2,,,,,,,
1037,11,1,11,,,,,,,
1038,12,4,4,,,,,,,
1039,13,10,7,,,,,,,
1040,14,1,4,,,,,,,
1041,15,0,3,,,,,,,
1042,16,2,3,,,,,,,
1043,17,1,0,,,,,,,
1044,18,2,3,,,,,,,
1045,19,2,0,,,,,,,
1046,1,0,2,,,,,,,
1047,2,0,0,,,,,,,
1048,3,2,1,,,,,,,
1049,4,0,2,,,,,,,
1050,5,1,1,,,,,,,
1051,6,1,0,,,,,,,
1052,7,0,0,,,,,,,
1053,8,7,4,,,,,,,
1054,9,6,5,,,,,,,
1055,10,8,5,,,,,,,
1056,11,0,9,,,,,,,
1057,12,3,0,,,,,,,
1058,13,5,4,,,,,,,
1059,14,10,6,,,,,,,
1060,15,0,0,,,,,,,
1061,16,2,0,,,,,,,
1062,17,0,0,,,,,,,
1063,18,0,3,,,,,,,
1064,19,3,0,,,,,,,
1065,1,7,0,,,,,,,
1066,2,1,0,,,,,,,
1067,3,0,1,,,,,,,
1068,4,0,0,,,,,,,
1069,5,0,1,,,,,,,
1070,6,1,0,,,,,,,
1071,7,0,1,,,,,,,
1072,8,6,4,,,,,,,
1073,9,5,2,,,,,,,
1074,10,4,3,,,,,,,
1075,11,0,11,,,,,,,
1076,12,3,2,,,,,,,
1077,13,1,3,,,,,,,
1078,14,5,8,,,,,,,
1079,15,3,1,,,,,,,
1080,16,0,0,,,,,,,
1081,17,0,0,,,,,,,
1082,18,2,2,,,,,,,
1083,19,2,2,,,,,,,
1084,1,4,2,,,,,,,
1085,2,0,1,,,,,,,
1086,3,4,0,,,,,,,
1087,4,0,0,,,,,,,
1088,5,2,0,,,,,,,
1089,6,0,0,,,,,,,
1090,7,0,0,,,,,,,
1091,8,6,4,,,,,,,
1092,9,10,4,,,,,,,
1093,10,4,3,,,,,,,
1094,11,0,5,,,,,,,
1095,12,4,2,,,,,,,
1096,13,2,3,,,,,,,
1097,14,5,4,,,,,,,
1098,15,1,2,,,,,,,
1099,16,0,0,,,,,,,
1100,17,0,1,,,,,,,
1101,18,0,2,,,,,,,
1102,19,0,1,,,,,,,
1103,1,0,1,,,,,,,
1104,2,0,0,,,,,,,
1105,3,2,3,,,,,,,
1106,4,0,0,,,,,,,
1107,5,2,2,,,,,,,
1108,6,3,1,,,,,,,
1109,7,0,2,,,,,,,
1110,8,5,16,,,,,,,
1111,9,6,3,,,,,,,
1112,10,5,3,,,,,,,
1113,11,0,12,,,,,,,
1114,12,4,4,,,,,,,
1115,13,4,1,,,,,,,
1116,14,6,1,,,,,,,
1117,15,2,4,,,,,,,
1118,16,0,0,,,,,,,
1119,17,0,1,,,,,,,
1120,18,6,1,,,,,,,
1121,19,2,0,,,,,,,
1122,1,5,6,,,,,,,
1123,2,0,2,,,,,,,
1124,3,2,3,,,,,,,
1125,4,0,0,,,,,,,
1126,5,2,0,,,,,,,
1127,6,0,0,,,,,,,
1128,7,0,0,,,,,,,
1129,8,3,7,,,,,,,
1130,9,3,0,,,,,,,
1131,10,1,5,,,,,,,
1132,11,0,12,,,,,,,
1133,12,4,3,,,,,,,
1134,13,5,4,,,,,,,
1135,14,9,8,,,,,,,
1136,15,2,0,,,,,,,
1137,16,0,0,,,,,,,
1138,17,0,2,,,,,,,
1139,18,5,2,,,,,,,
1140,19,4,0,,,,,,,
